{
  "asr_probe_arch": "lstm",
  "pr_probe_arch": "linear",
  "results": {
    "z_L": {
      "pr": 0.22125260960334028,
      "pr_val": 0.2226851662508691
    },
    "z_P": {
      "pr": 1.0,
      "pr_val": 1.0
    },
    "z_U": {
      "pr": 0.9870511482254697,
      "pr_val": 0.9869483865690565
    },
    "z_t": {
      "pr": 0.2245929018789144,
      "pr_val": 0.22528730931250254
    }
  },
  "run_name": "diag_libri_advlearn_hardqfreeze4000_uadv_gn0002_dann6800_gp02_gu1_gpu02_aux64_20k_s42_pr_linear_seed42",
  "seed": 42,
  "sid_probe_arch": "linear",
  "sources": [
    "z_t",
    "z_L",
    "z_P",
    "z_U"
  ],
  "tasks": [
    "pr"
  ]
}
