{
  "checkpoint": "/rds/user/bbg25/hpc-work/Thesis/Final-Proj/checkpoints/blackwell/libri_advfb_prrecover_gn00015_240L16P_aux64_12k_s42/final.pt",
  "probe_protocol": {
    "asr_lr": 0.0005,
    "asr_warmup_steps": 500,
    "base_lr": 0.0005,
    "pr_lr": 0.0005,
    "pr_warmup_steps": 500,
    "steps": 7500,
    "val_every": 500
  },
  "sources": [
    "z_t",
    "z_L",
    "z_P"
  ],
  "speaker_disjoint_emotion_split": false,
  "tasks": [
    "pr"
  ],
  "test": {
    "z_L": {
      "pr_per": 0.43916704770614234
    },
    "z_P": {
      "pr_per": 0.997195549458924
    },
    "z_t": {
      "pr_per": 0.41321063862216123
    }
  },
  "validation_selection": {
    "z_L.pr": 0.43822441243939214,
    "z_P.pr": 0.997112742856495,
    "z_t.pr": 0.41245828782628086
  }
}
