epoch,split,n_examples,cer,wer,wall_time
1,val,1426,0.012821,0.049937,2619.78
2,val,1426,0.009714,0.038076,4642.53
3,val,1426,0.008644,0.033648,6660.35
4,val,1426,0.007832,0.030662,8680.20
5,val,1426,0.007415,0.028974,10700.46
6,val,1426,0.006998,0.027223,12720.54
7,val,1426,0.006716,0.025823,14739.81
8,val,1426,0.006600,0.025617,16759.44
9,val,1426,0.006418,0.024670,18778.58
10,val,1426,0.006345,0.024299,20798.09
10,test,2620,0.009232,0.034388,20885.52
