{
  "probe_type": "weighted_lstm",
  "model_id": "marcoyang/spear-xlarge-speech-audio",
  "train_hours": 100.0,
  "test_cer": 0.009231698220438319,
  "test_wer": 0.034388314059646985,
  "layer_weights": null,
  "wall_time_total": 20885.518860578537
}