{
  "asr_probe_arch": "lstm",
  "pr_probe_arch": "linear",
  "results": {
    "z_L": {
      "asr": 0.06120663420572124,
      "asr_cer": 0.01671580293396796,
      "asr_cer_val": 0.016189644174501482,
      "asr_wer": 0.06120663420572124,
      "asr_wer_val": 0.05869269512150289
    },
    "z_P": {
      "asr": 0.4887591296409008,
      "asr_cer": 0.17717472383049765,
      "asr_cer_val": 0.17746554067171422,
      "asr_wer": 0.4887591296409008,
      "asr_wer_val": 0.49117679497077316
    },
    "z_t": {
      "asr": 0.06069309190505173,
      "asr_cer": 0.01620076013213512,
      "asr_cer_val": 0.016255512105832433,
      "asr_wer": 0.06069309190505173,
      "asr_wer_val": 0.05815962648432043
    }
  },
  "run_name": "diag_libri_advlearn_hardqfreeze4000_gn0002_dann6800_gp02_aux64_16k_s42_zt_zL_zP_asr_lstm_10k_full_seed42",
  "seed": 42,
  "sid_probe_arch": "linear",
  "sources": [
    "z_t",
    "z_L",
    "z_P"
  ],
  "tasks": [
    "asr"
  ]
}
