{
  "asr_probe_arch": "lstm",
  "pr_probe_arch": "linear",
  "results": {
    "z_L": {
      "asr": 0.9959487218502739,
      "asr_cer": 0.8624480517174014,
      "asr_cer_val": 0.8601970491166764,
      "asr_wer": 0.9959487218502739,
      "asr_wer_val": 0.9954229623910885
    },
    "z_P": {
      "asr": 0.16882227632379793,
      "asr_cer": 0.04854189606791461,
      "asr_cer_val": 0.04839906259533516,
      "asr_wer": 0.16882227632379793,
      "asr_wer_val": 0.1675857505238778
    },
    "z_t": {
      "asr": 0.06845328667072428,
      "asr_cer": 0.018864774624373956,
      "asr_cer_val": 0.01889716282552625,
      "asr_wer": 0.06845328667072428,
      "asr_wer_val": 0.06837983897650822
    }
  },
  "run_name": "diag_libri_advlearn_hardqfreeze4000_gn0002_dann6800_gp02_aux64_20k_s42_zt_zL_zP_asr_lstm_10k_full_seed42",
  "seed": 42,
  "sid_probe_arch": "linear",
  "sources": [
    "z_t",
    "z_L",
    "z_P"
  ],
  "tasks": [
    "asr"
  ]
}
