epoch,split,n_examples,cer,wer,wall_time
1,val,2703,0.017389,0.066376,2345.24
2,val,2703,0.014415,0.053031,4652.80
3,val,2703,0.012834,0.048472,6958.80
4,val,2703,0.011981,0.044429,9264.35
5,val,2703,0.011204,0.041212,11568.68
6,val,2703,0.010934,0.039704,13873.55
7,val,2703,0.010314,0.037774,16177.54
8,val,2703,0.009922,0.036138,18480.27
9,val,2703,0.009690,0.035495,20781.86
10,val,2703,0.009641,0.035072,23085.72
10,test,2620,0.009193,0.034426,23185.04
