{
  "probe_type": "weighted_lstm",
  "model_id": "marcoyang/spear-xlarge-speech-audio",
  "train_hours": 100.0,
  "test_cer": 0.009192626007885483,
  "test_wer": 0.03442635423006695,
  "layer_weights": null,
  "wall_time_total": 23185.04232597351
}