{
  "checkpoint": "/rds/user/bbg25/hpc-work/Thesis/Final-Proj/Disentanglement/msp/checkpoints/msp_hardqfreeze4000_strongclean_gn0004_grlp025_dann12000_advpe010_20k_s42/step10000.pt",
  "probe_protocol": {
    "asr_lr": 0.0005,
    "asr_warmup_steps": 500,
    "base_lr": 0.0005,
    "pr_lr": 0.0005,
    "pr_warmup_steps": 0,
    "steps": 5000,
    "val_every": 500
  },
  "sources": [
    "z_t",
    "z_L",
    "z_P"
  ],
  "speaker_disjoint_emotion_split": false,
  "tasks": [
    "pr",
    "emotion",
    "prosody"
  ],
  "test": {
    "z_L": {
      "emotion_acc": 0.6030595898628235,
      "emotion_class_support": {
        "angry": 580,
        "happy": 1399,
        "neutral": 2279,
        "sad": 710
      },
      "emotion_confusion": [
        [
          1381,
          367,
          341,
          190
        ],
        [
          310,
          844,
          86,
          159
        ],
        [
          269,
          67,
          328,
          46
        ],
        [
          55,
          63,
          19,
          443
        ]
      ],
      "emotion_per_class_recall": {
        "angry": 0.7637931108474731,
        "happy": 0.6032880544662476,
        "neutral": 0.6059675216674805,
        "sad": 0.46197181940078735
      },
      "emotion_uar": 0.6087551116943359,
      "pr_per": 0.33848879743941473,
      "prosody_energy_corr": 0.849643522642844,
      "prosody_f0_corr": 0.2652630756265529,
      "prosody_loss": 2.8715677606886714
    },
    "z_P": {
      "emotion_acc": 0.6314412355422974,
      "emotion_class_support": {
        "angry": 580,
        "happy": 1399,
        "neutral": 2279,
        "sad": 710
      },
      "emotion_confusion": [
        [
          1161,
          549,
          408,
          161
        ],
        [
          177,
          1059,
          73,
          90
        ],
        [
          158,
          71,
          447,
          34
        ],
        [
          28,
          58,
          24,
          470
        ]
      ],
      "emotion_per_class_recall": {
        "angry": 0.8103448152542114,
        "happy": 0.7569692730903625,
        "neutral": 0.5094339847564697,
        "sad": 0.6295774579048157
      },
      "emotion_uar": 0.6765813827514648,
      "pr_per": 0.8771071483005639,
      "prosody_energy_corr": 0.921527190252903,
      "prosody_f0_corr": 0.5620620088936055,
      "prosody_loss": 1.5451693239227393
    },
    "z_t": {
      "emotion_acc": 0.6606280207633972,
      "emotion_class_support": {
        "angry": 580,
        "happy": 1399,
        "neutral": 2279,
        "sad": 710
      },
      "emotion_confusion": [
        [
          1501,
          252,
          346,
          180
        ],
        [
          349,
          876,
          65,
          109
        ],
        [
          214,
          40,
          422,
          34
        ],
        [
          47,
          31,
          19,
          483
        ]
      ],
      "emotion_per_class_recall": {
        "angry": 0.8327586054801941,
        "happy": 0.626161515712738,
        "neutral": 0.6586222052574158,
        "sad": 0.594366192817688
      },
      "emotion_uar": 0.6779771447181702,
      "pr_per": 0.335893918609968,
      "prosody_energy_corr": 0.9269649124511246,
      "prosody_f0_corr": 0.4449950675433642,
      "prosody_loss": 1.481275763872549
    }
  },
  "validation_selection": {
    "z_L.emotion": 0.6015468835830688,
    "z_L.pr": 0.3381529868372819,
    "z_L.prosody": 2.8812903375848107,
    "z_P.emotion": 0.6802403926849365,
    "z_P.pr": 0.87767704290449,
    "z_P.prosody": 1.54969980816446,
    "z_t.emotion": 0.6768240332603455,
    "z_t.pr": 0.33528084622332405,
    "z_t.prosody": 1.4876980705790623
  }
}
