{
  "checkpoint": "/rds/user/bbg25/hpc-work/Thesis/Final-Proj/Disentanglement/msp/checkpoints/msp_hardqfreeze4000_sc_optfix_nobal_aux64_gn0004_grlp025_dann12000_12k_s42/final.pt",
  "probe_protocol": {
    "asr_lr": 0.0005,
    "asr_warmup_steps": 500,
    "base_lr": 0.0005,
    "pr_lr": 0.0005,
    "pr_warmup_steps": 0,
    "steps": 5000,
    "val_every": 500
  },
  "sources": [
    "z_t",
    "z_L",
    "z_P"
  ],
  "speaker_disjoint_emotion_split": true,
  "tasks": [
    "emotion"
  ],
  "test": {
    "z_L": {
      "emotion_acc": 0.48460662364959717,
      "emotion_class_support": {
        "angry": 667,
        "happy": 1622,
        "neutral": 2038,
        "sad": 935
      },
      "emotion_confusion": [
        [
          407,
          390,
          870,
          371
        ],
        [
          97,
          936,
          223,
          366
        ],
        [
          65,
          84,
          639,
          147
        ],
        [
          10,
          55,
          34,
          568
        ]
      ],
      "emotion_per_class_recall": {
        "angry": 0.8515742421150208,
        "happy": 0.5770653486251831,
        "neutral": 0.1997056007385254,
        "sad": 0.6834224462509155
      },
      "emotion_uar": 0.57794189453125
    },
    "z_P": {
      "emotion_acc": 0.6505131125450134,
      "emotion_class_support": {
        "angry": 667,
        "happy": 1622,
        "neutral": 2038,
        "sad": 935
      },
      "emotion_confusion": [
        [
          1174,
          276,
          451,
          137
        ],
        [
          309,
          1098,
          101,
          114
        ],
        [
          205,
          45,
          631,
          54
        ],
        [
          60,
          47,
          40,
          520
        ]
      ],
      "emotion_per_class_recall": {
        "angry": 0.7796102166175842,
        "happy": 0.6769420504570007,
        "neutral": 0.5760549306869507,
        "sad": 0.6748663187026978
      },
      "emotion_uar": 0.6768683791160583
    },
    "z_t": {
      "emotion_acc": 0.620866596698761,
      "emotion_class_support": {
        "angry": 667,
        "happy": 1622,
        "neutral": 2038,
        "sad": 935
      },
      "emotion_confusion": [
        [
          926,
          314,
          661,
          137
        ],
        [
          242,
          1086,
          165,
          129
        ],
        [
          112,
          41,
          741,
          41
        ],
        [
          31,
          48,
          74,
          514
        ]
      ],
      "emotion_per_class_recall": {
        "angry": 0.7706146836280823,
        "happy": 0.6695438027381897,
        "neutral": 0.4543670117855072,
        "sad": 0.792513370513916
      },
      "emotion_uar": 0.6717597246170044
    }
  },
  "validation_selection": {
    "z_L.emotion": 0.5773999094963074,
    "z_P.emotion": 0.6614549160003662,
    "z_t.emotion": 0.6661994457244873
  }
}
