{
  "checkpoint": "/rds/user/bbg25/hpc-work/Thesis/Final-Proj/Disentanglement/msp/checkpoints/msp_hardqfreeze4000_strongclean_dann12000_advpe010_s42/best.pt",
  "probe_protocol": {
    "asr_lr": 0.0005,
    "asr_warmup_steps": 500,
    "base_lr": 0.0005,
    "pr_lr": 0.0005,
    "pr_warmup_steps": 0,
    "steps": 5000,
    "val_every": 500
  },
  "sources": [
    "z_t",
    "z_L",
    "z_P"
  ],
  "speaker_disjoint_emotion_split": false,
  "tasks": [
    "pr",
    "emotion",
    "prosody"
  ],
  "test": {
    "z_L": {
      "emotion_acc": 0.5863526463508606,
      "emotion_class_support": {
        "angry": 580,
        "happy": 1399,
        "neutral": 2279,
        "sad": 710
      },
      "emotion_confusion": [
        [
          1173,
          346,
          483,
          277
        ],
        [
          249,
          838,
          117,
          195
        ],
        [
          193,
          45,
          410,
          62
        ],
        [
          28,
          37,
          23,
          492
        ]
      ],
      "emotion_per_class_recall": {
        "angry": 0.8482758402824402,
        "happy": 0.5989992618560791,
        "neutral": 0.5146994590759277,
        "sad": 0.577464759349823
      },
      "emotion_uar": 0.6348598599433899,
      "pr_per": 0.3327808260935833,
      "prosody_energy_corr": 0.8355474588101103,
      "prosody_f0_corr": 0.3794096219947308,
      "prosody_loss": 3.0727971625212884
    },
    "z_P": {
      "emotion_acc": 0.6499597430229187,
      "emotion_class_support": {
        "angry": 580,
        "happy": 1399,
        "neutral": 2279,
        "sad": 710
      },
      "emotion_confusion": [
        [
          1420,
          334,
          299,
          226
        ],
        [
          272,
          938,
          55,
          134
        ],
        [
          225,
          58,
          381,
          46
        ],
        [
          40,
          34,
          16,
          490
        ]
      ],
      "emotion_per_class_recall": {
        "angry": 0.8448275923728943,
        "happy": 0.6704789400100708,
        "neutral": 0.623080313205719,
        "sad": 0.5366197228431702
      },
      "emotion_uar": 0.6687516570091248,
      "pr_per": 0.9737844840725499,
      "prosody_energy_corr": 0.9212529103653546,
      "prosody_f0_corr": 0.5811005484121458,
      "prosody_loss": 1.5467311942442987
    },
    "z_t": {
      "emotion_acc": 0.6451288461685181,
      "emotion_class_support": {
        "angry": 580,
        "happy": 1399,
        "neutral": 2279,
        "sad": 710
      },
      "emotion_confusion": [
        [
          1444,
          257,
          408,
          170
        ],
        [
          351,
          860,
          67,
          121
        ],
        [
          205,
          41,
          431,
          33
        ],
        [
          57,
          35,
          18,
          470
        ]
      ],
      "emotion_per_class_recall": {
        "angry": 0.8103448152542114,
        "happy": 0.6147248148918152,
        "neutral": 0.633611261844635,
        "sad": 0.6070422530174255
      },
      "emotion_uar": 0.6664308309555054,
      "pr_per": 0.3279568663313519,
      "prosody_energy_corr": 0.9292413537931642,
      "prosody_f0_corr": 0.5442136806883386,
      "prosody_loss": 1.424942728785885
    }
  },
  "validation_selection": {
    "z_L.emotion": 0.6342337727546692,
    "z_L.pr": 0.3318871853399896,
    "z_L.prosody": 3.0934078862181806,
    "z_P.emotion": 0.6696399450302124,
    "z_P.pr": 0.9735989811459085,
    "z_P.prosody": 1.554300992122506,
    "z_t.emotion": 0.67361980676651,
    "z_t.pr": 0.32733710994629855,
    "z_t.prosody": 1.4341448818783749
  }
}
