{
  "checkpoint": "/rds/user/bbg25/hpc-work/Thesis/Final-Proj/Disentanglement/msp/checkpoints/msp_hardqfreeze4000_sc_optfix_nobal_aux64_gn0004_grlp025_dann12000_12k_s42/step10000.pt",
  "probe_protocol": {
    "asr_lr": 0.0005,
    "asr_warmup_steps": 500,
    "base_lr": 0.0005,
    "pr_lr": 0.0005,
    "pr_warmup_steps": 0,
    "steps": 5000,
    "val_every": 500
  },
  "sources": [
    "z_t",
    "z_L",
    "z_P"
  ],
  "speaker_disjoint_emotion_split": false,
  "tasks": [
    "pr",
    "emotion",
    "prosody"
  ],
  "test": {
    "z_L": {
      "emotion_acc": 0.5615941882133484,
      "emotion_class_support": {
        "angry": 580,
        "happy": 1399,
        "neutral": 2279,
        "sad": 710
      },
      "emotion_confusion": [
        [
          1123,
          350,
          502,
          304
        ],
        [
          232,
          807,
          128,
          232
        ],
        [
          211,
          48,
          375,
          76
        ],
        [
          32,
          41,
          22,
          485
        ]
      ],
      "emotion_per_class_recall": {
        "angry": 0.8362069129943848,
        "happy": 0.5768405795097351,
        "neutral": 0.49275997281074524,
        "sad": 0.5281690359115601
      },
      "emotion_uar": 0.6084941625595093,
      "pr_per": 0.32405883249504647,
      "prosody_energy_corr": 0.7987802451322322,
      "prosody_f0_corr": 0.25432813452861036,
      "prosody_loss": 3.6907572558152695
    },
    "z_P": {
      "emotion_acc": 0.6243961453437805,
      "emotion_class_support": {
        "angry": 580,
        "happy": 1399,
        "neutral": 2279,
        "sad": 710
      },
      "emotion_confusion": [
        [
          1245,
          262,
          591,
          181
        ],
        [
          306,
          872,
          112,
          109
        ],
        [
          132,
          30,
          514,
          34
        ],
        [
          41,
          39,
          29,
          471
        ]
      ],
      "emotion_per_class_recall": {
        "angry": 0.8120689392089844,
        "happy": 0.6233023405075073,
        "neutral": 0.546292245388031,
        "sad": 0.7239436507225037
      },
      "emotion_uar": 0.6764017939567566,
      "pr_per": 0.8635611949397958,
      "prosody_energy_corr": 0.9176099923176461,
      "prosody_f0_corr": 0.5675786110369414,
      "prosody_loss": 1.6161661579989004
    },
    "z_t": {
      "emotion_acc": 0.6553945541381836,
      "emotion_class_support": {
        "angry": 580,
        "happy": 1399,
        "neutral": 2279,
        "sad": 710
      },
      "emotion_confusion": [
        [
          1490,
          243,
          382,
          164
        ],
        [
          355,
          870,
          69,
          105
        ],
        [
          205,
          34,
          436,
          35
        ],
        [
          60,
          38,
          22,
          460
        ]
      ],
      "emotion_per_class_recall": {
        "angry": 0.7931034564971924,
        "happy": 0.6218727827072144,
        "neutral": 0.6537955403327942,
        "sad": 0.6140844821929932
      },
      "emotion_uar": 0.6707140803337097,
      "pr_per": 0.3221079103795153,
      "prosody_energy_corr": 0.9220415682848365,
      "prosody_f0_corr": 0.4779581687882812,
      "prosody_loss": 1.5688930039628501
    }
  },
  "validation_selection": {
    "z_L.emotion": 0.6134735345840454,
    "z_L.pr": 0.3229608746423996,
    "z_L.prosody": 3.727075203713734,
    "z_P.emotion": 0.6775868535041809,
    "z_P.pr": 0.8634750633949458,
    "z_P.prosody": 1.6239998227439383,
    "z_t.emotion": 0.6735360622406006,
    "z_t.pr": 0.3212338111416381,
    "z_t.prosody": 1.5765419932785096
  }
}
