epoch,split,n_examples,cer,wer,wall_time
1,val,2703,0.020485,0.077975,2317.87
2,val,2703,0.016030,0.059299,4597.25
3,val,2703,0.014578,0.053895,6875.49
4,val,2703,0.013888,0.051248,9153.10
5,val,2703,0.012695,0.045550,11432.62
6,val,2703,0.011971,0.043840,13710.78
7,val,2703,0.011551,0.042168,15988.37
8,val,2703,0.011343,0.040973,18265.46
9,val,2703,0.011021,0.039502,20542.19
10,val,2703,0.010837,0.038693,22821.38
10,test,2620,0.010954,0.040665,22913.07
