{
  "probe_type": "fixed_weighted_lstm",
  "model_id": "marcoyang/spear-xlarge-speech-audio",
  "train_hours": 100.0,
  "test_cer": 0.010954427592086102,
  "test_wer": 0.04066494217894096,
  "layer_weights": [
    0.07692307978868484,
    0.07692307978868484,
    0.07692307978868484,
    0.07692307978868484,
    0.07692307978868484,
    0.07692307978868484,
    0.07692307978868484,
    0.07692307978868484,
    0.07692307978868484,
    0.07692307978868484,
    0.07692307978868484,
    0.07692307978868484,
    0.07692307978868484
  ],
  "wall_time_total": 22913.10367846489
}