{
  "asr_probe_arch": "lstm",
  "pr_probe_arch": "linear",
  "results": {
    "z_L": {
      "asr": 0.985392574558734,
      "asr_cer": 0.968252051291159,
      "asr_cer_val": 0.9684249937598802,
      "asr_wer": 0.985392574558734,
      "asr_wer_val": 0.9856622918275063
    },
    "z_P": {
      "asr": 0.9942369141813755,
      "asr_cer": 0.6748694632898803,
      "asr_cer_val": 0.6742414787697257,
      "asr_wer": 0.9942369141813755,
      "asr_wer_val": 0.9896511157678026
    },
    "z_t": {
      "asr": 0.07334144856968959,
      "asr_cer": 0.01994814051788442,
      "asr_cer_val": 0.01931317081287961,
      "asr_wer": 0.07334144856968959,
      "asr_wer_val": 0.07165177750817985
    }
  },
  "run_name": "diag_libri_advlearn_hardqfreeze4000_postgp030_fromgp02base_dann6800_gn0002_aux64_20k_s42_postgp030_asr_lstm_seed42",
  "seed": 42,
  "sid_probe_arch": "linear",
  "sources": [
    "z_t",
    "z_L",
    "z_P"
  ],
  "tasks": [
    "asr"
  ]
}
