epoch,split,n_examples,cer,wer,wall_time
1,val,2703,0.026267,0.097184,2299.80
2,val,2703,0.020929,0.076725,4586.72
3,val,2703,0.018720,0.067553,6872.66
4,val,2703,0.017091,0.062351,9158.97
5,val,2703,0.015150,0.055108,11448.40
