{
  "asr_probe_arch": "lstm",
  "pr_probe_arch": "linear",
  "results": {
    "z_L": {
      "pr": 0.11343945720250521,
      "pr_val": 0.11048627867980859
    },
    "z_P": {
      "pr": 0.9889091858037579,
      "pr_val": 0.9888654860741892
    },
    "z_U": {
      "pr": 1.0,
      "pr_val": 1.0
    },
    "z_t": {
      "pr": 0.09827244258872651,
      "pr_val": 0.09428039752975338
    }
  },
  "run_name": "diag_libri_advlearn_hardqfreeze4000_uweak_postgu040_gpu020_gn0002_dann6800_gp02_aux64_20k_s42_uweak_postu040_020_pr_linear_seed42",
  "seed": 42,
  "sid_probe_arch": "linear",
  "sources": [
    "z_t",
    "z_L",
    "z_P",
    "z_U"
  ],
  "tasks": [
    "pr"
  ]
}
