{
  "checkpoint": "/rds/user/bbg25/hpc-work/Thesis/Final-Proj/Disentanglement/msp/checkpoints/msp_fixed2130L2990P_topk210L46P_sc_optfix_aux64_gn0004_grlp025_dann12000_12k_s42/final.pt",
  "probe_protocol": {
    "asr_lr": 0.0005,
    "asr_warmup_steps": 500,
    "base_lr": 0.0005,
    "pr_lr": 0.0005,
    "pr_warmup_steps": 0,
    "steps": 5000,
    "val_every": 500
  },
  "sources": [
    "z_t",
    "z_L",
    "z_P"
  ],
  "speaker_disjoint_emotion_split": true,
  "tasks": [
    "emotion"
  ],
  "test": {
    "z_L": {
      "emotion_acc": 0.4526796042919159,
      "emotion_class_support": {
        "angry": 667,
        "happy": 1622,
        "neutral": 2038,
        "sad": 935
      },
      "emotion_confusion": [
        [
          761,
          219,
          593,
          465
        ],
        [
          328,
          643,
          147,
          504
        ],
        [
          289,
          51,
          390,
          205
        ],
        [
          31,
          19,
          29,
          588
        ]
      ],
      "emotion_per_class_recall": {
        "angry": 0.8815591931343079,
        "happy": 0.39642417430877686,
        "neutral": 0.3734053075313568,
        "sad": 0.4171122908592224
      },
      "emotion_uar": 0.5171252489089966
    },
    "z_P": {
      "emotion_acc": 0.6436716318130493,
      "emotion_class_support": {
        "angry": 667,
        "happy": 1622,
        "neutral": 2038,
        "sad": 935
      },
      "emotion_confusion": [
        [
          1160,
          257,
          471,
          150
        ],
        [
          323,
          1061,
          114,
          124
        ],
        [
          197,
          41,
          641,
          56
        ],
        [
          62,
          42,
          38,
          525
        ]
      ],
      "emotion_per_class_recall": {
        "angry": 0.787106454372406,
        "happy": 0.6541306972503662,
        "neutral": 0.5691854953765869,
        "sad": 0.68556147813797
      },
      "emotion_uar": 0.6739960312843323
    },
    "z_t": {
      "emotion_acc": 0.5973014235496521,
      "emotion_class_support": {
        "angry": 667,
        "happy": 1622,
        "neutral": 2038,
        "sad": 935
      },
      "emotion_confusion": [
        [
          860,
          260,
          702,
          216
        ],
        [
          237,
          1001,
          193,
          191
        ],
        [
          103,
          34,
          724,
          74
        ],
        [
          28,
          33,
          48,
          558
        ]
      ],
      "emotion_per_class_recall": {
        "angry": 0.8365817070007324,
        "happy": 0.6171393394470215,
        "neutral": 0.4219823479652405,
        "sad": 0.7743315696716309
      },
      "emotion_uar": 0.6625087261199951
    }
  },
  "validation_selection": {
    "z_L.emotion": 0.510298490524292,
    "z_P.emotion": 0.6635950803756714,
    "z_t.emotion": 0.6597122550010681
  }
}
