{
  "checkpoint": "/rds/user/bbg25/hpc-work/Thesis/Final-Proj/Disentanglement/msp/checkpoints/msp_fixed2130L2990P_topk210L46P_sc_optfix_aux64_gn0004_grlp025_dann12000_12k_s42/final.pt",
  "probe_protocol": {
    "asr_lr": 0.0005,
    "asr_warmup_steps": 500,
    "base_lr": 0.0005,
    "pr_lr": 0.0005,
    "pr_warmup_steps": 0,
    "steps": 7500,
    "val_every": 500
  },
  "sources": [
    "z_t",
    "z_L",
    "z_P"
  ],
  "speaker_disjoint_emotion_split": false,
  "tasks": [
    "sid"
  ],
  "test": {
    "z_L": {
      "sid_acc": 0.2067230273752013
    },
    "z_P": {
      "sid_acc": 0.7646940418679549
    },
    "z_t": {
      "sid_acc": 0.6598228663446055
    }
  },
  "validation_selection": {
    "z_L.sid": 0.21218825422365245,
    "z_P.sid": 0.7666934835076428,
    "z_t.sid": 0.6586886564762671
  }
}
