{
  "checkpoint": "/rds/user/bbg25/hpc-work/Thesis/Final-Proj/Disentanglement/msp/checkpoints/msp_fixed2130L2990P_topk210L46P_sc_optfix_aux64_gn0004_grlp025_dann12000_12k_s42/final.pt",
  "probe_protocol": {
    "asr_lr": 0.0005,
    "asr_warmup_steps": 500,
    "base_lr": 0.0005,
    "pr_lr": 0.0005,
    "pr_warmup_steps": 0,
    "steps": 5000,
    "val_every": 500
  },
  "sources": [
    "z_t",
    "z_L",
    "z_P"
  ],
  "speaker_disjoint_emotion_split": false,
  "tasks": [
    "pr",
    "prosody"
  ],
  "test": {
    "z_L": {
      "pr_per": 0.30578036884621246,
      "prosody_energy_corr": 0.7811500895754586,
      "prosody_f0_corr": 0.117518772951535,
      "prosody_loss": 3.9962192230562463
    },
    "z_P": {
      "pr_per": 0.8178516994360616,
      "prosody_energy_corr": 0.9182643749215428,
      "prosody_f0_corr": 0.5635796228039988,
      "prosody_loss": 1.6034683937419825
    },
    "z_t": {
      "pr_per": 0.3052278616064624,
      "prosody_energy_corr": 0.9234962461316645,
      "prosody_f0_corr": 0.48210237231288844,
      "prosody_loss": 1.5398688162774472
    }
  },
  "validation_selection": {
    "z_L.pr": 0.30402742138459854,
    "z_L.prosody": 4.014282810429076,
    "z_P.pr": 0.8187452524649391,
    "z_P.prosody": 1.6133589172018026,
    "z_t.pr": 0.3039442804720892,
    "z_t.prosody": 1.5440201047727014
  }
}
