epoch,split,n_examples,cer,wer,wall_time
1,val,2703,0.019216,0.069464,2315.57
2,val,2703,0.015781,0.057755,4594.26
3,val,2703,0.014075,0.050458,6871.00
4,val,2703,0.013139,0.047039,9147.75
5,val,2703,0.012092,0.042995,11422.80
6,val,2703,0.011849,0.042296,13698.78
7,val,2703,0.011430,0.040826,15975.78
8,val,2703,0.011059,0.039686,18251.56
9,val,2703,0.010837,0.038381,20526.19
10,val,2703,0.010660,0.037480,22802.46
10,test,2620,0.010056,0.037032,22893.94
