{
  "probe_type": "lstm",
  "model_id": "marcoyang/spear-xlarge-speech-audio",
  "train_hours": 100.0,
  "test_cer": 0.010055766703370866,
  "test_wer": 0.03703210590383445,
  "layer_weights": null,
  "wall_time_total": 22893.94171190262
}