{
  "asr_probe_arch": "lstm",
  "pr_probe_arch": "linear",
  "results": {
    "z_L": {
      "asr": 0.0839546561168594,
      "asr_cer": 0.022846588285440273,
      "asr_cer_val": 0.022142025126882438,
      "asr_wer": 0.0839546561168594,
      "asr_wer_val": 0.08098966949744495
    },
    "z_P": {
      "asr": 0.9845937309799148,
      "asr_cer": 0.7052001562888502,
      "asr_cer_val": 0.7028350944338131,
      "asr_wer": 0.9845937309799148,
      "asr_wer_val": 0.987537222896217
    }
  },
  "run_name": "diag_libri_advlearn_hardqfreeze4000_gn0002_dann6800_gp02_aux64_20k_s42_zL_zP_asr_lstm_10k_repeat_seed42",
  "seed": 42,
  "sid_probe_arch": "linear",
  "sources": [
    "z_L",
    "z_P"
  ],
  "tasks": [
    "asr"
  ]
}
