{
  "asr_probe_arch": "lstm",
  "pr_probe_arch": "linear",
  "results": {
    "z_L": {
      "asr": 0.06780660377358491,
      "asr_cer": 0.018609029233119027,
      "asr_cer_val": 0.017905677122334082,
      "asr_wer": 0.06780660377358491,
      "asr_wer_val": 0.06497922870482703
    },
    "z_P": {
      "asr": 0.16256466828971394,
      "asr_cer": 0.04665577380740951,
      "asr_cer_val": 0.04640915772249494,
      "asr_wer": 0.16256466828971394,
      "asr_wer_val": 0.1578434616374398
    }
  },
  "run_name": "diag_libri_advlearn_hardqfreeze4000_gn0002_dann6800_gp02_aux64_20k_s42_zL_zP_asr_lstm_10k_noaug_seed42",
  "seed": 42,
  "sid_probe_arch": "linear",
  "sources": [
    "z_L",
    "z_P"
  ],
  "tasks": [
    "asr"
  ]
}
