{
  "asr_probe_arch": "lstm",
  "pr_probe_arch": "linear",
  "results": {
    "z_L": {
      "asr": 0.07512933657942787,
      "asr_cer": 0.020282030334245017,
      "asr_cer_val": 0.020412125246138058,
      "asr_wer": 0.07512933657942787,
      "asr_wer_val": 0.07417006727693835
    },
    "z_P": {
      "asr": 0.18909768715763847,
      "asr_cer": 0.05522324441444961,
      "asr_cer_val": 0.05514532545691544,
      "asr_wer": 0.18909768715763847,
      "asr_wer_val": 0.18469909194514908
    }
  },
  "run_name": "diag_libri_advlearn_hardqfreeze4000_gn0002_dann6800_gp02_aux64_20k_s42_zL_zP_asr_lstm_10k_repeat_seed43",
  "seed": 43,
  "sid_probe_arch": "linear",
  "sources": [
    "z_L",
    "z_P"
  ],
  "tasks": [
    "asr"
  ]
}
