epoch,split,n_examples,cer,wer,wall_time
1,val,2703,0.026333,0.096026,2369.60
2,val,2703,0.020981,0.077111,4666.04
3,val,2703,0.018786,0.069152,6962.13
4,val,2703,0.016744,0.060421,9258.16
5,val,2703,0.015711,0.056248,11556.51
