epoch,split,n_examples,cer,wer,wall_time
1,val,2703,0.072427,0.236076,2298.33
2,val,2703,0.051616,0.172291,4583.85
3,val,2703,0.044208,0.148726,6869.56
4,val,2703,0.039760,0.132403,9154.55
5,val,2703,0.036276,0.122348,11440.78
