{
  "checkpoint": "/rds/user/bbg25/hpc-work/Thesis/Final-Proj/Disentanglement/msp/checkpoints/msp_hardqfreeze4000_strongclean_dann12000_advpe010_s42/final.pt",
  "test": {
    "z_L": {
      "emotion_acc": 0.5960144996643066,
      "emotion_uar": 0.6026026010513306,
      "pr_per": 0.3718754762993446,
      "sid_acc": 0.2389291465378422
    },
    "z_P": {
      "emotion_acc": 0.6286231875419617,
      "emotion_uar": 0.6791673302650452,
      "pr_per": 0.9359396433470507,
      "sid_acc": 0.7008856682769726
    },
    "z_t": {
      "emotion_acc": 0.6559984087944031,
      "emotion_uar": 0.674648642539978,
      "pr_per": 0.3706904435299497,
      "sid_acc": 0.6276167471819646
    }
  },
  "validation_selection": {
    "z_L.emotion": 0.6005330085754395,
    "z_L.pr": 0.3701773546829119,
    "z_L.sid": 0.24316170555108607,
    "z_P.emotion": 0.6786810755729675,
    "z_P.pr": 0.9358983564553249,
    "z_P.sid": 0.6848350764279968,
    "z_t.emotion": 0.6761868000030518,
    "z_t.pr": 0.36866948086058404,
    "z_t.sid": 0.6214802896218825
  }
}
