{
  "checkpoint": "/rds/user/bbg25/hpc-work/Thesis/Final-Proj/Disentanglement/msp/checkpoints/msp_sae_recon_topk256_12k_s42/final.pt",
  "sources": [
    "z_t"
  ],
  "tasks": [
    "pr",
    "sid",
    "emotion",
    "prosody"
  ],
  "test": {
    "z_t": {
      "emotion_acc": 0.6574074029922485,
      "emotion_uar": 0.6764801144599915,
      "pr_per": 0.3236549306508154,
      "prosody_energy_corr": 0.9438114786147399,
      "prosody_f0_corr": 0.5778893827337563,
      "prosody_loss": 1.1577217980091508,
      "sid_acc": 0.5579710144927537
    }
  },
  "validation_selection": {
    "z_t.emotion": 0.6670717000961304,
    "z_t.pr": 0.32269255624293774,
    "z_t.prosody": 1.1679950589051864,
    "z_t.sid": 0.5591311343523733
  }
}
