{
  "checkpoint": "/rds/user/bbg25/hpc-work/Thesis/Final-Proj/Disentanglement/msp/checkpoints/msp_hardqfreeze4000_sc_optfix_nobal_aux64_gn0004_grlp025_dann12000_12k_s42/final.pt",
  "sources": [
    "z_t",
    "z_L",
    "z_P"
  ],
  "tasks": [
    "pr",
    "sid",
    "emotion",
    "prosody"
  ],
  "test": {
    "z_L": {
      "emotion_acc": 0.5460950136184692,
      "emotion_uar": 0.6086911559104919,
      "pr_per": 0.32114388050602044,
      "prosody_energy_corr": 0.7925274405915126,
      "prosody_f0_corr": 0.2462851748510068,
      "prosody_loss": 3.781948351437727,
      "sid_acc": 0.19404186795491143
    },
    "z_P": {
      "emotion_acc": 0.624194860458374,
      "emotion_uar": 0.6738044023513794,
      "pr_per": 0.8561575979271453,
      "prosody_energy_corr": 0.9167226303436938,
      "prosody_f0_corr": 0.5580554789933185,
      "prosody_loss": 1.633765419708166,
      "sid_acc": 0.6729066022544283
    },
    "z_t": {
      "emotion_acc": 0.6523752212524414,
      "emotion_uar": 0.6731049418449402,
      "pr_per": 0.3180765127267185,
      "prosody_energy_corr": 0.9205668115989073,
      "prosody_f0_corr": 0.45289179987041167,
      "prosody_loss": 1.5967545006394195,
      "sid_acc": 0.5917874396135265
    }
  },
  "validation_selection": {
    "z_L.emotion": 0.6125058531761169,
    "z_L.pr": 0.3197864034374988,
    "z_L.prosody": 3.821374754894192,
    "z_L.sid": 0.1997184231697506,
    "z_P.emotion": 0.6765143871307373,
    "z_P.pr": 0.8561700004912872,
    "z_P.prosody": 1.641085365177256,
    "z_P.sid": 0.6629123089300081,
    "z_t.emotion": 0.6747491359710693,
    "z_t.pr": 0.3168840297644467,
    "z_t.prosody": 1.6016811913093634,
    "z_t.sid": 0.5854786806114239
  }
}
