{
  "checkpoint": "/rds/user/bbg25/hpc-work/Thesis/Final-Proj/Disentanglement/msp/checkpoints/msp_hardqfreeze4000_strongclean_dann12000_advpe010_s42/final.pt",
  "sources": [
    "z_t",
    "z_L",
    "z_P"
  ],
  "tasks": [
    "prosody"
  ],
  "test": {
    "z_L": {
      "prosody_energy_corr": 0.8333897689657886,
      "prosody_f0_corr": 0.23642752658476066,
      "prosody_loss": 3.1253366132481277
    },
    "z_P": {
      "prosody_energy_corr": 0.9193857456954568,
      "prosody_f0_corr": 0.5749548181036991,
      "prosody_loss": 1.5843538118829281
    },
    "z_t": {
      "prosody_energy_corr": 0.923786871479905,
      "prosody_f0_corr": 0.4851833832237045,
      "prosody_loss": 1.5368784266777469
    }
  },
  "validation_selection": {
    "z_L.prosody": 3.152117507455815,
    "z_P.prosody": 1.5895960049003914,
    "z_t.prosody": 1.5448719121138126
  }
}
