{
  "checkpoint": "/rds/user/bbg25/hpc-work/Thesis/Final-Proj/Disentanglement/msp/checkpoints/msp_hardqfreeze4000_sc_optfix_nobal_aux64_gn0004_grlp025_dann12000_12k_s42/best.pt",
  "sources": [
    "z_t",
    "z_L",
    "z_P"
  ],
  "tasks": [
    "pr",
    "sid",
    "emotion",
    "prosody"
  ],
  "test": {
    "z_L": {
      "emotion_acc": 0.5805153250694275,
      "emotion_uar": 0.6369214653968811,
      "pr_per": 0.327251943301326,
      "prosody_energy_corr": 0.8377293090227865,
      "prosody_f0_corr": 0.39057945310813,
      "prosody_loss": 3.02711484282489,
      "sid_acc": 0.2471819645732689
    },
    "z_P": {
      "emotion_acc": 0.612922728061676,
      "emotion_uar": 0.6680229902267456,
      "pr_per": 0.9824226489864349,
      "prosody_energy_corr": 0.9194701315358563,
      "prosody_f0_corr": 0.584622286937364,
      "prosody_loss": 1.5776832608593068,
      "sid_acc": 0.6322463768115942
    },
    "z_t": {
      "emotion_acc": 0.6306360960006714,
      "emotion_uar": 0.6629012823104858,
      "pr_per": 0.3227747294619723,
      "prosody_energy_corr": 0.9276763627015504,
      "prosody_f0_corr": 0.5382997409627865,
      "prosody_loss": 1.45796752974223,
      "sid_acc": 0.5805152979066023
    }
  },
  "validation_selection": {
    "z_L.emotion": 0.6356298327445984,
    "z_L.pr": 0.3262751737456115,
    "z_L.prosody": 3.0487318729452806,
    "z_L.sid": 0.251810136765889,
    "z_P.emotion": 0.6713184118270874,
    "z_P.pr": 0.9824156970042818,
    "z_P.prosody": 1.5856846279418957,
    "z_P.sid": 0.6174577634754626,
    "z_t.emotion": 0.6703189611434937,
    "z_t.pr": 0.32207655766389154,
    "z_t.prosody": 1.4672760328552172,
    "z_t.sid": 0.5697908286403862
  }
}
