{
  "probe_type": "weighted",
  "model_id": "marcoyang/spear-xlarge-speech-audio",
  "model_family": "spear",
  "folds_run": [
    1,
    2,
    3,
    4,
    5
  ],
  "fold_test_acc": {
    "1": 0.7152073732718894,
    "2": 0.6989247311827957,
    "3": 0.7054735013032146,
    "4": 0.7119301648884578,
    "5": 0.7203867848509267
  },
  "mean_acc": 0.7103845110994568,
  "layer_weights_per_fold": {
    "1": [
      0.06006518006324768,
      0.062138915061950684,
      0.06392080336809158,
      0.07525749504566193,
      0.0799373909831047,
      0.08013303577899933,
      0.0961284264922142,
      0.09572164714336395,
      0.09566204994916916,
      0.08878989517688751,
      0.07126796990633011,
      0.07031679898500443,
      0.06066030636429787
    ],
    "2": [
      0.06000487133860588,
      0.061763256788253784,
      0.06444442272186279,
      0.07698553800582886,
      0.08136522769927979,
      0.0815865695476532,
      0.09546472877264023,
      0.09499326348304749,
      0.09428486227989197,
      0.08649192005395889,
      0.07167375832796097,
      0.07051006704568863,
      0.06043146178126335
    ],
    "3": [
      0.06096500903367996,
      0.06280288100242615,
      0.06454779952764511,
      0.07641282677650452,
      0.08058363944292068,
      0.08014484494924545,
      0.09508737176656723,
      0.09483829885721207,
      0.09417889267206192,
      0.08750347048044205,
      0.07171671092510223,
      0.0701855719089508,
      0.061032701283693314
    ],
    "4": [
      0.06662361323833466,
      0.06841584295034409,
      0.06950494647026062,
      0.07775982469320297,
      0.07994300872087479,
      0.07920302450656891,
      0.0869504064321518,
      0.08689207583665848,
      0.08657162636518478,
      0.08225208520889282,
      0.07437732070684433,
      0.07440610229969025,
      0.06710011512041092
    ],
    "5": [
      0.06134451925754547,
      0.0638507753610611,
      0.06526738405227661,
      0.07628930360078812,
      0.07899291813373566,
      0.07821415364742279,
      0.09428577125072479,
      0.09437136352062225,
      0.09387380629777908,
      0.0871792584657669,
      0.07270637899637222,
      0.07208152860403061,
      0.06154284253716469
    ]
  }
}