{
  "probe_type": "final",
  "model_id": "marcoyang/spear-xlarge-speech-audio",
  "model_family": "spear",
  "folds_run": [
    1,
    2,
    3,
    4,
    5
  ],
  "fold_test_acc": {
    "1": 0.6626728110599078,
    "2": 0.6148582600195504,
    "3": 0.6220677671589921,
    "4": 0.6614936954413191,
    "5": 0.669621273166801
  },
  "mean_acc": 0.646142761369314,
  "layer_weights_per_fold": {}
}