{
  "probe_type": "final",
  "model_id": "marcoyang/spear-xlarge-speech-audio",
  "model_family": "spear",
  "folds_run": [
    1,
    2,
    3,
    4,
    5
  ],
  "fold_test_acc": {
    "1": 0.712442396313364,
    "2": 0.7096774193548387,
    "3": 0.7150304083405734,
    "4": 0.7070805043646945,
    "5": 0.7195809830781628
  },
  "mean_acc": 0.7127623422903266,
  "layer_weights_per_fold": {}
}