{
  "checkpoint": "/rds/user/bbg25/hpc-work/Thesis/Final-Proj/checkpoints/blackwell/libri_advfb_prrecover_gn00015_240L16P_aux64_12k_s42/final.pt",
  "sources": [
    "z_t",
    "z_L",
    "z_P"
  ],
  "tasks": [
    "sid"
  ],
  "test": {
    "z_L": {
      "sid_acc": 0.08836553945249598
    },
    "z_P": {
      "sid_acc": 0.8226650563607085
    },
    "z_t": {
      "sid_acc": 0.46195652173913043
    }
  },
  "validation_selection": {
    "z_L.sid": 0.08769106999195495,
    "z_P.sid": 0.8171761866452132,
    "z_t.sid": 0.46057924376508447
  }
}
