{
  "checkpoint": "/rds/user/bbg25/hpc-work/Thesis/Final-Proj/checkpoints/blackwell/libri_advfb_prrecover_gn00015_240L16P_aux64_12k_s42/final.pt",
  "sources": [
    "z_t",
    "z_L",
    "z_P"
  ],
  "tasks": [
    "pr"
  ],
  "test": {
    "z_L": {
      "pr_per": 0.4343888126809938
    },
    "z_P": {
      "pr_per": 0.9956713915561652
    },
    "z_t": {
      "pr_per": 0.44815957933241884
    }
  },
  "validation_selection": {
    "z_L.pr": 0.43291851056834374,
    "z_P.pr": 0.9955255072540447,
    "z_t.pr": 0.44649693323406814
  }
}
