{
  "checkpoint": "/rds/user/bbg25/hpc-work/Thesis/Final-Proj/checkpoints/blackwell/libri_advfb_prrecover_gn00015_240L16P_aux64_12k_s42/final.pt",
  "sources": [
    "z_L"
  ],
  "tasks": [
    "asr"
  ],
  "test": {
    "z_L": {
      "asr_cer": 0.18918274773129404,
      "asr_loss": 0.8840214036978208,
      "asr_wer": 0.3670465655091136
    }
  },
  "validation_selection": {
    "z_L.asr": 0.18712008862135704
  }
}
