{
  "checkpoint": "/rds/user/bbg25/hpc-work/Thesis/Final-Proj/checkpoints/blackwell/libri_advfb_prrecover_gn00015_240L16P_aux64_12k_s42/final.pt",
  "sources": [
    "z_t"
  ],
  "tasks": [
    "asr"
  ],
  "test": {
    "z_t": {
      "asr_cer": 0.1885713693580268,
      "asr_loss": 0.8843120364233469,
      "asr_wer": 0.3643814702219127
    }
  },
  "validation_selection": {
    "z_t.asr": 0.18637215315456562
  }
}
