{
  "checkpoint": "/rds/user/bbg25/hpc-work/Thesis/Final-Proj/checkpoints/blackwell/libri_advfb_prrecover_gn00015_240L16P_aux64_12k_s42/final.pt",
  "sources": [
    "z_P"
  ],
  "tasks": [
    "asr"
  ],
  "test": {
    "z_P": {
      "asr_cer": 0.7419931453085777,
      "asr_loss": 2.6844555261807566,
      "asr_wer": 1.1949671215631654
    }
  },
  "validation_selection": {
    "z_P.asr": 0.7415870111110826
  }
}
