{
  "probe_type": "weighted",
  "model_id": "marcoyang/spear-xlarge-speech-audio",
  "model_family": "spear",
  "folds_run": [
    1,
    2,
    3,
    4,
    5
  ],
  "fold_test_acc": {
    "1": 0.7050691244239631,
    "2": 0.7311827956989247,
    "3": 0.7271937445699392,
    "4": 0.7419980601357905,
    "5": 0.7622884770346495
  },
  "mean_acc": 0.7335464403726534,
  "layer_weights_per_fold": {
    "1": [
      0.06930080056190491,
      0.07022465765476227,
      0.07202968746423721,
      0.07571318000555038,
      0.07744245231151581,
      0.07801686972379684,
      0.08799530565738678,
      0.08630464971065521,
      0.0861990675330162,
      0.0828283354640007,
      0.07467474788427353,
      0.07205064594745636,
      0.06721958518028259
    ],
    "2": [
      0.06818676739931107,
      0.06890036910772324,
      0.07159076631069183,
      0.07559662312269211,
      0.07716406881809235,
      0.07811583578586578,
      0.0890435054898262,
      0.08771336823701859,
      0.08744023740291595,
      0.08300696313381195,
      0.07471168786287308,
      0.07210349291563034,
      0.06642638146877289
    ],
    "3": [
      0.06853695213794708,
      0.06924188882112503,
      0.07188370823860168,
      0.07570754736661911,
      0.07757837325334549,
      0.07837774604558945,
      0.08847889304161072,
      0.08740459382534027,
      0.0873139426112175,
      0.08362060785293579,
      0.07401063293218613,
      0.0712013840675354,
      0.06664375215768814
    ],
    "4": [
      0.06900264322757721,
      0.06952117383480072,
      0.07174021750688553,
      0.0760243833065033,
      0.07753277570009232,
      0.07784441858530045,
      0.0891072154045105,
      0.08684910088777542,
      0.086946502327919,
      0.08298614621162415,
      0.07445252686738968,
      0.07121897488832474,
      0.0667738988995552
    ],
    "5": [
      0.06870336085557938,
      0.07012121379375458,
      0.07179160416126251,
      0.07599082589149475,
      0.07709364593029022,
      0.07638583332300186,
      0.0878695622086525,
      0.08716835081577301,
      0.08725640922784805,
      0.08320658653974533,
      0.07480757683515549,
      0.07257995754480362,
      0.06702511757612228
    ]
  }
}