epoch,split,n_examples,cer,wer,wall_time
1,val,1426,0.014761,0.056156,2104.65
2,val,1426,0.011221,0.043203,4102.25
3,val,1426,0.010004,0.037788,6098.46
4,val,1426,0.008853,0.033278,8096.67
5,val,1426,0.008053,0.031074,10110.82
6,val,1426,0.007713,0.029324,12107.87
7,val,1426,0.007608,0.028459,14104.81
8,val,1426,0.007253,0.027326,16100.89
9,val,1426,0.007044,0.026400,18096.85
10,val,1426,0.007079,0.026420,20092.00
10,test,2620,0.010031,0.036899,20178.96
