{
  "probe_type": "lstm",
  "spear_model_id": "marcoyang/spear-xlarge-speech-audio",
  "train_hours": 100.0,
  "test_cer": 0.01003090256810997,
  "test_wer": 0.03689896530736458,
  "layer_weights": null,
  "wall_time_total": 20178.969356536865
}